left_sensor,med_sensor,right_sensor,sampling_time,left_motor,right_motor
1,0,1,0.000428676605225,1.782,1.782
1,0,1,0.000477313995361,1.782,1.782
1,0,1,0.000470161437988,1.782,1.782
1,0,1,0.000473737716675,1.782,1.782
1,0,1,0.000437259674072,1.782,1.782
1,0,1,0.000442981719971,1.782,1.782
1,0,1,0.000948667526245,1.782,1.782
1,0,1,0.001004219055176,1.782,1.782
1,0,1,0.000936269760132,1.782,1.782
1,0,0,0.000295400619507,1.782,1.782
1,1,0,0.000446319580078,1.694,1.936
1,1,1,0.000326156616211,1.694,1.936
1,1,1,0.000310182571411,1.694,1.936
1,1,1,0.000299692153931,1.694,1.936
1,1,1,0.000297069549561,1.694,1.936
1,1,1,0.000298023223877,1.694,1.936
1,1,1,0.00030517578125,1.694,1.936
1,1,0,0.000444650650024,1.694,1.936
1,1,0,0.000451326370239,1.694,1.936
1,0,1,0.000458002090454,1.782,1.782
0,1,1,0.000487089157104,1.936,1.694
0,1,1,0.00046968460083,1.936,1.694
0,1,1,0.000994205474854,1.936,1.694
0,1,1,0.000468254089355,1.936,1.694
1,0,1,0.000433683395386,1.782,1.782
1,0,1,0.000447034835815,1.782,1.782
1,0,0,0.000298738479614,1.782,1.782
1,1,0,0.000509262084961,1.694,1.936
1,1,0,0.000448226928711,1.694,1.936
1,0,0,0.000598192214966,1.694,1.936
1,0,1,0.000989675521851,1.782,1.782
0,0,1,0.00065803527832,1.782,1.782
1,0,1,0.000945091247559,1.782,1.782
1,0,0,0.000295400619507,1.782,1.782
1,1,0,0.000459671020508,1.694,1.936
1,1,0,0.000446081161499,1.694,1.936
1,1,0,0.000446557998657,1.694,1.936
1,1,0,0.000442504882813,1.694,1.936
1,0,1,0.000442028045654,1.782,1.782
0,0,1,0.000598907470703,1.782,1.782
0,0,1,0.000599384307861,1.782,1.782
1,0,1,0.000936269760132,1.782,1.782
1,0,1,0.000450849533081,1.782,1.782
1,0,1,0.000440120697021,1.782,1.782
1,0,0,0.00029182434082,1.782,1.782
1,0,0,0.000292778015137,1.782,1.782
1,1,0,0.000444173812866,1.694,1.936
1,1,0,0.000440120697021,1.694,1.936
1,0,0,0.000590085983276,1.694,1.936
1,0,1,0.000944375991821,1.782,1.782
0,0,1,0.000293016433716,1.782,1.782
1,1,1,0.000298023223877,1.782,1.782
1,1,1,0.000296831130981,1.782,1.782
1,1,1,0.00029468536377,1.782,1.782
1,1,1,0.000300407409668,1.782,1.782
1,1,1,0.000290393829346,1.782,1.782
1,1,1,0.0006103515625,1.782,1.782
1,1,1,0.000604391098022,1.782,1.782
1,1,1,0.000611305236816,1.782,1.782
1,1,1,0.000297546386719,1.782,1.782
1,1,1,0.000299215316772,1.782,1.782
1,1,1,0.000327587127686,1.782,1.782
1,1,1,0.000297784805298,1.782,1.782
1,1,1,0.000299453735352,1.782,1.782
1,1,1,0.000301122665405,1.782,1.782
0,1,1,0.000986337661743,1.936,1.694
1,0,1,0.000950574874878,1.782,1.782
1,1,0,0.000999689102173,1.694,1.936
1,1,1,0.00060772895813,1.694,1.936
1,1,1,0.000608682632446,1.694,1.936
1,1,1,0.000691413879395,1.694,1.936
1,1,1,0.000622749328613,1.694,1.936
1,1,1,0.000608921051025,1.694,1.936
1,1,1,0.000601768493652,1.694,1.936
1,1,1,0.00029730796814,1.694,1.936
1,1,1,0.000300168991089,1.694,1.936
1,1,1,0.000347375869751,1.694,1.936
1,1,1,0.000298261642456,1.694,1.936
1,1,1,0.000301361083984,1.694,1.936
1,1,1,0.000298738479614,1.694,1.936
1,1,1,0.000610113143921,1.694,1.936
1,1,0,0.001033544540405,1.694,1.936
1,0,0,0.000596046447754,1.694,1.936
0,1,1,0.000953197479248,1.936,1.694
0,1,0,0.000610589981079,1.936,1.694
0,0,1,0.000598907470703,1.936,1.694
1,0,1,0.000455617904663,1.782,1.782
1,1,0,0.00044059753418,1.694,1.936
1,1,0,0.000494956970215,1.694,1.936
1,1,0,0.000474452972412,1.694,1.936
1,1,0,0.000452041625977,1.694,1.936
1,0,0,0.00030517578125,1.694,1.936
1,0,1,0.001007318496704,1.782,1.782
0,1,1,0.00105881690979,1.936,1.694
0,1,1,0.000457286834717,1.936,1.694
0,1,1,0.000471591949463,1.936,1.694
1,0,1,0.00044846534729,1.782,1.782
1,0,0,0.000298738479614,1.782,1.782
1,1,0,0.000451564788818,1.694,1.936
1,1,0,0.000471591949463,1.694,1.936
1,1,0,0.00101375579834,1.694,1.936
1,0,0,0.000669479370117,1.694,1.936
1,0,1,0.001072645187378,1.782,1.782
0,1,1,0.001020193099976,1.936,1.694
0,1,1,0.001015424728394,1.936,1.694
0,1,1,0.001011848449707,1.936,1.694
1,0,0,0.000653982162476,1.936,1.694
1,1,1,0.000663280487061,1.936,1.694
1,1,1,0.000633239746094,1.936,1.694
1,1,1,0.000645399093628,1.936,1.694
1,1,1,0.000303030014038,1.936,1.694
1,1,1,0.000297784805298,1.936,1.694
1,1,1,0.000303030014038,1.936,1.694
1,1,1,0.000306844711304,1.936,1.694
1,1,1,0.000305891036987,1.936,1.694
1,1,1,0.00030517578125,1.936,1.694
1,1,1,0.000612735748291,1.936,1.694
1,1,1,0.00061821937561,1.936,1.694
1,1,1,0.000295877456665,1.936,1.694
1,1,1,0.000301599502563,1.936,1.694
1,1,1,0.000296831130981,1.936,1.694
1,1,1,0.000307083129883,1.936,1.694
1,1,1,0.000300645828247,1.936,1.694
1,0,0,0.000290155410767,1.936,1.694
1,0,1,0.000949859619141,1.782,1.782
1,0,0,0.000614404678345,1.782,1.782
1,1,0,0.000963449478149,1.694,1.936
1,1,0,0.001073122024536,1.694,1.936
1,1,0,0.000957489013672,1.694,1.936
1,1,0,0.000475168228149,1.694,1.936
1,0,0,0.000320911407471,1.694,1.936
1,0,1,0.000445127487183,1.782,1.782
1,0,1,0.000450849533081,1.782,1.782
1,0,1,0.000435829162598,1.782,1.782
0,0,1,0.000295400619507,1.782,1.782
0,1,1,0.000964641571045,1.936,1.694
0,0,1,0.000610113143921,1.936,1.694
1,0,1,0.001061677932739,1.782,1.782
1,0,0,0.000618696212769,1.782,1.782
1,1,0,0.000504732131958,1.694,1.936
1,1,0,0.000509023666382,1.694,1.936
1,0,0,0.000336647033691,1.694,1.936
1,0,1,0.000500440597534,1.782,1.782
0,1,1,0.000463008880615,1.936,1.694
0,1,1,0.001028060913086,1.936,1.694
1,0,1,0.000446557998657,1.782,1.782
1,0,1,0.000593423843384,1.782,1.782
1,0,0,0.000367641448975,1.782,1.782
1,1,0,0.000499725341797,1.694,1.936
1,1,0,0.000492334365845,1.694,1.936
1,1,1,0.000354766845703,1.694,1.936
1,1,1,0.000665426254272,1.694,1.936
1,1,1,0.00068998336792,1.694,1.936
1,1,1,0.000685214996338,1.694,1.936
1,1,1,0.000697612762451,1.694,1.936
1,1,1,0.000689506530762,1.694,1.936
1,1,1,0.000679969787598,1.694,1.936
1,1,1,0.000680446624756,1.694,1.936
1,1,1,0.000709533691406,1.694,1.936
1,1,1,0.000690221786499,1.694,1.936
1,1,0,0.000495195388794,1.694,1.936
1,1,0,0.000494480133057,1.694,1.936
1,0,1,0.000496625900269,1.782,1.782
0,1,1,0.000500202178955,1.936,1.694
0,1,1,0.000482797622681,1.936,1.694
0,1,1,0.001009702682495,1.936,1.694
1,0,1,0.001051425933838,1.782,1.782
1,0,0,0.000687599182129,1.782,1.782
1,0,0,0.000344514846802,1.782,1.782
1,0,0,0.000319719314575,1.782,1.782
1,1,0,0.000487327575684,1.694,1.936
1,0,0,0.000348329544067,1.694,1.936
1,0,1,0.000497579574585,1.782,1.782
0,0,1,0.000785827636719,1.782,1.782
0,1,1,0.001009941101074,1.936,1.694
0,0,1,0.000653505325317,1.936,1.694
1,0,0,0.000335931777954,1.936,1.694
1,1,0,0.000513792037964,1.694,1.936
1,1,1,0.000345945358276,1.694,1.936
1,1,1,0.000368118286133,1.694,1.936
1,1,1,0.000350475311279,1.694,1.936
1,1,1,0.000837564468384,1.694,1.936
1,1,1,0.00032901763916,1.694,1.936
1,1,1,0.000348091125488,1.694,1.936
1,1,0,0.000504016876221,1.694,1.936
1,1,0,0.000498533248901,1.694,1.936
1,0,0,0.000357389450073,1.694,1.936
1,0,1,0.000499963760376,1.782,1.782
0,1,1,0.001021385192871,1.936,1.694
0,1,1,0.000499486923218,1.936,1.694
0,0,1,0.000358581542969,1.936,1.694
1,0,1,0.000499963760376,1.782,1.782
1,1,0,0.000500917434692,1.694,1.936
1,1,0,0.000450134277344,1.694,1.936
1,1,0,0.00111985206604,1.694,1.936
1,0,1,0.001009941101074,1.782,1.782
0,0,1,0.000424861907959,1.782,1.782
0,1,1,0.000582456588745,1.936,1.694
0,1,1,0.000588893890381,1.936,1.694
0,0,1,0.000351428985596,1.936,1.694
1,0,1,0.000501871109009,1.782,1.782
1,1,0,0.000502824783325,1.694,1.936
1,1,0,0.001015424728394,1.694,1.936
1,1,0,0.001199722290039,1.694,1.936
1,0,0,0.000341892242432,1.694,1.936
1,0,1,0.000490188598633,1.782,1.782
0,1,1,0.000562191009521,1.936,1.694
0,0,1,0.000330448150635,1.936,1.694
1,0,0,0.000301361083984,1.936,1.694
1,1,0,0.001118183135986,1.694,1.936
1,1,1,0.000726699829102,1.694,1.936
1,1,1,0.000307083129883,1.694,1.936
1,1,1,0.000307559967041,1.694,1.936
1,1,1,0.000303030014038,1.694,1.936
1,1,1,0.000309228897095,1.694,1.936
1,1,1,0.001355409622192,1.694,1.936
1,1,0,0.001476287841797,1.694,1.936
1,1,0,0.001333713531494,1.694,1.936
1,0,1,0.000474452972412,1.782,1.782
1,0,1,0.001485824584961,1.782,1.782
1,0,1,0.001522302627563,1.782,1.782
1,0,1,0.001234292984009,1.782,1.782
1,0,0,0.000328779220581,1.782,1.782
1,1,0,0.000447273254395,1.694,1.936
1,1,0,0.001044511795044,1.694,1.936
1,0,0,0.000352621078491,1.694,1.936
1,0,1,0.000564813613892,1.782,1.782
0,1,1,0.000565528869629,1.936,1.694
0,1,0,0.000409603118896,1.936,1.694
0,1,1,0.000506401062012,1.936,1.694
1,0,1,0.000541210174561,1.782,1.782
1,1,0,0.001113176345825,1.694,1.936
1,1,1,0.000326156616211,1.694,1.936
1,1,1,0.000304460525513,1.694,1.936
1,1,1,0.000429630279541,1.694,1.936
1,1,1,0.000370502471924,1.694,1.936
1,1,1,0.000359535217285,1.694,1.936
1,1,1,0.000669479370117,1.694,1.936
1,1,1,0.000304698944092,1.694,1.936
1,1,0,0.000567197799683,1.694,1.936
1,0,0,0.000356674194336,1.694,1.936
0,0,1,0.000344514846802,1.694,1.936
1,1,1,0.000365018844604,1.694,1.936
1,1,1,0.00037145614624,1.694,1.936
1,1,1,0.000347137451172,1.694,1.936
1,1,1,0.000361680984497,1.694,1.936
1,1,1,0.000413656234741,1.694,1.936
1,1,1,0.000411987304688,1.694,1.936
1,1,1,0.00037407875061,1.694,1.936
1,1,1,0.000349760055542,1.694,1.936
1,1,1,0.000763654708862,1.694,1.936
1,1,1,0.000930309295654,1.694,1.936
1,1,1,0.000324010848999,1.694,1.936
1,1,1,0.000378370285034,1.694,1.936
1,1,1,0.000350475311279,1.694,1.936
1,1,1,0.000338077545166,1.694,1.936
1,1,1,0.000354766845703,1.694,1.936
1,1,1,0.000353813171387,1.694,1.936
1,1,1,0.000331878662109,1.694,1.936
1,1,1,0.000391960144043,1.694,1.936
1,1,1,0.000348091125488,1.694,1.936
1,1,1,0.00035548210144,1.694,1.936
1,1,1,0.000356674194336,1.694,1.936
1,1,1,0.000341415405273,1.694,1.936
1,1,1,0.000658750534058,1.694,1.936
0,0,1,0.00065803527832,1.694,1.936
1,0,0,0.000341653823853,1.694,1.936
1,1,0,0.000494003295898,1.694,1.936
1,1,0,0.00049901008606,1.694,1.936
1,1,1,0.000358104705811,1.694,1.936
1,1,1,0.000353336334229,1.694,1.936
1,1,1,0.000597238540649,1.694,1.936
1,1,1,0.000653028488159,1.694,1.936
1,1,1,0.000339984893799,1.694,1.936
1,1,1,0.000332117080688,1.694,1.936
1,1,1,0.000344276428223,1.694,1.936
1,1,1,0.000333786010742,1.694,1.936
1,1,1,0.000336885452271,1.694,1.936
1,1,0,0.000989675521851,1.694,1.936
1,0,1,0.000471115112305,1.782,1.782
1,1,1,0.000330209732056,1.782,1.782
1,1,1,0.00034499168396,1.782,1.782
1,1,1,0.000323534011841,1.782,1.782
1,1,1,0.000341176986694,1.782,1.782
1,1,1,0.000638961791992,1.782,1.782
1,1,1,0.000321626663208,1.782,1.782
1,1,1,0.000319242477417,1.782,1.782
1,1,1,0.000350475311279,1.782,1.782
1,1,1,0.000326871871948,1.782,1.782
1,1,1,0.0003502368927,1.782,1.782
1,1,1,0.000341653823853,1.782,1.782
1,1,1,0.000328540802002,1.782,1.782
1,1,1,0.000362157821655,1.782,1.782
1,1,1,0.000308990478516,1.782,1.782
1,1,1,0.00051474571228,1.782,1.782
1,1,1,0.000379800796509,1.782,1.782
1,1,1,0.000369310379028,1.782,1.782
1,1,1,0.001004934310913,1.782,1.782
1,1,1,0.000867128372192,1.782,1.782
1,1,1,0.00031304359436,1.782,1.782
1,1,1,0.000348329544067,1.782,1.782
1,1,1,0.00035572052002,1.782,1.782
1,1,1,0.000349998474121,1.782,1.782
1,1,1,0.000350475311279,1.782,1.782
1,1,1,0.000792503356934,1.782,1.782
1,1,1,0.000307559967041,1.782,1.782
1,1,1,0.000363826751709,1.782,1.782
1,1,1,0.000331401824951,1.782,1.782
0,0,0,0.000483512878418,1.936,1.936
1,1,0,0.000474691390991,1.694,1.936
1,1,1,0.000662088394165,1.694,1.936
1,1,1,0.000325679779053,1.694,1.936
1,1,1,0.000367403030396,1.694,1.936
1,1,1,0.000392198562622,1.694,1.936
1,1,1,0.000337362289429,1.694,1.936
1,1,1,0.000339984893799,1.694,1.936
1,1,1,0.000778436660767,1.694,1.936
1,1,1,0.000322103500366,1.694,1.936
1,1,1,0.000386238098145,1.694,1.936
1,1,1,0.000369071960449,1.694,1.936
1,1,1,0.000350475311279,1.694,1.936
1,1,1,0.000345230102539,1.694,1.936
1,1,1,0.000657081604004,1.694,1.936
1,1,1,0.000322818756104,1.694,1.936
1,1,1,0.000338554382324,1.694,1.936
1,1,0,0.000481128692627,1.694,1.936
1,0,0,0.000347375869751,1.694,1.936
1,1,1,0.000339031219482,1.694,1.936
1,1,1,0.000658273696899,1.694,1.936
1,1,1,0.00032114982605,1.694,1.936
1,1,1,0.000361919403076,1.694,1.936
1,1,1,0.000322103500366,1.694,1.936
1,1,1,0.000398397445679,1.694,1.936
1,1,1,0.000327348709106,1.694,1.936
1,1,1,0.000781774520874,1.694,1.936
1,1,1,0.000326871871948,1.694,1.936
1,1,1,0.000375747680664,1.694,1.936
1,1,1,0.000350952148438,1.694,1.936
1,1,1,0.000343322753906,1.694,1.936
1,1,1,0.000340461730957,1.694,1.936
1,1,1,0.000792503356934,1.694,1.936
1,1,1,0.000329256057739,1.694,1.936
1,1,1,0.000325918197632,1.694,1.936
1,0,0,0.00032639503479,1.694,1.936
1,0,0,0.000338315963745,1.694,1.936
1,1,1,0.000324726104736,1.694,1.936
1,1,1,0.000795841217041,1.694,1.936
1,1,1,0.000328302383423,1.694,1.936
1,1,1,0.000330448150635,1.694,1.936
1,1,1,0.0003662109375,1.694,1.936
1,1,1,0.000370025634766,1.694,1.936
1,1,1,0.000327110290527,1.694,1.936
1,1,1,0.000797986984253,1.694,1.936
1,1,1,0.000428676605225,1.694,1.936
1,1,1,0.000529050827026,1.694,1.936
1,1,1,0.000491857528687,1.694,1.936
1,1,1,0.000475168228149,1.694,1.936
1,1,1,0.000445127487183,1.694,1.936
1,1,1,0.000941276550293,1.694,1.936
1,1,1,0.000325679779053,1.694,1.936
1,1,1,0.000354051589966,1.694,1.936
1,1,0,0.000530958175659,1.694,1.936
0,0,0,0.000456094741821,1.936,1.936
0,1,1,0.000470876693726,1.936,1.694
1,1,1,0.000696659088135,1.936,1.694
1,1,1,0.000324249267578,1.936,1.694
1,1,1,0.000327825546265,1.936,1.694
1,1,1,0.000339984893799,1.936,1.694
1,1,1,0.000423431396484,1.936,1.694
0,1,1,0.000475883483887,1.936,1.694
0,0,1,0.000672340393066,1.936,1.694
1,1,0,0.000464916229248,1.694,1.936
1,1,1,0.000325679779053,1.694,1.936
1,1,1,0.000324726104736,1.694,1.936
1,1,1,0.000322580337524,1.694,1.936
1,1,1,0.000314474105835,1.694,1.936
1,1,1,0.000843524932861,1.694,1.936
1,1,1,0.00068211555481,1.694,1.936
1,1,1,0.000308990478516,1.694,1.936
1,1,1,0.000339984893799,1.694,1.936
1,1,1,0.000313997268677,1.694,1.936
1,1,1,0.000313758850098,1.694,1.936
1,1,0,0.000472068786621,1.694,1.936
1,0,0,0.000669956207275,1.694,1.936
0,1,1,0.000490188598633,1.936,1.694
1,1,1,0.000329256057739,1.936,1.694
1,1,1,0.000354766845703,1.936,1.694
0,1,1,0.000461578369141,1.936,1.694
0,1,1,0.000488996505737,1.936,1.694
1,0,1,0.001207828521729,1.782,1.782
1,0,0,0.000627994537354,1.782,1.782
1,1,0,0.000494241714478,1.694,1.936
1,1,0,0.000473499298096,1.694,1.936
1,1,0,0.00048041343689,1.694,1.936
1,0,0,0.000320672988892,1.694,1.936
1,0,1,0.000476837158203,1.782,1.782
0,1,1,0.001002311706543,1.936,1.694
1,1,1,0.000348806381226,1.936,1.694
0,1,1,0.000483274459839,1.936,1.694
0,1,1,0.000484943389893,1.936,1.694
1,0,1,0.000469207763672,1.782,1.782
1,1,0,0.000475645065308,1.694,1.936
1,1,1,0.000689268112183,1.694,1.936
1,1,1,0.000311136245728,1.694,1.936
1,1,1,0.000324487686157,1.694,1.936
1,1,1,0.000325202941895,1.694,1.936
1,1,1,0.000323057174683,1.694,1.936
1,1,1,0.00033164024353,1.694,1.936
1,1,1,0.000322580337524,1.694,1.936
1,1,1,0.000709533691406,1.694,1.936
1,1,0,0.000473737716675,1.694,1.936
1,0,0,0.000335216522217,1.694,1.936
1,0,0,0.000320672988892,1.694,1.936
1,0,1,0.000473976135254,1.782,1.782
1,0,1,0.000477313995361,1.782,1.782
1,0,1,0.001133680343628,1.782,1.782
1,0,1,0.000474691390991,1.782,1.782
1,0,1,0.000450849533081,1.782,1.782
1,0,1,0.00044584274292,1.782,1.782
1,0,1,0.000450372695923,1.782,1.782
1,0,0,0.000323057174683,1.782,1.782
1,0,0,0.000682353973389,1.782,1.782
1,1,0,0.001010656356812,1.694,1.936
1,1,0,0.000499248504639,1.694,1.936
1,1,0,0.000451803207397,1.694,1.936
1,1,0,0.000488758087158,1.694,1.936
1,1,0,0.000507593154907,1.694,1.936
1,1,0,0.000499486923218,1.694,1.936
1,0,1,0.001147031784058,1.782,1.782
1,0,1,0.000458002090454,1.782,1.782
0,1,1,0.000472784042358,1.936,1.694
0,0,1,0.000320196151733,1.936,1.694
1,0,1,0.000471591949463,1.782,1.782
1,0,0,0.000323295593262,1.782,1.782
1,0,0,0.000635147094727,1.782,1.782
1,1,0,0.000475168228149,1.694,1.936
1,1,0,0.000471115112305,1.694,1.936
1,0,0,0.00029730796814,1.694,1.936
0,0,1,0.000324249267578,1.694,1.936
0,1,1,0.000454902648926,1.936,1.694
1,1,1,0.000658988952637,1.936,1.694
1,1,1,0.00033974647522,1.936,1.694
0,1,1,0.000452280044556,1.936,1.694
1,0,0,0.000346183776855,1.936,1.694
1,1,1,0.000325679779053,1.936,1.694
1,1,1,0.000327587127686,1.936,1.694
1,1,1,0.000651836395264,1.936,1.694
1,1,1,0.000322818756104,1.936,1.694
1,1,1,0.00032639503479,1.936,1.694
1,1,1,0.000313997268677,1.936,1.694
1,1,1,0.000351190567017,1.936,1.694
1,1,1,0.000349998474121,1.936,1.694
1,1,1,0.000306367874146,1.936,1.694
1,1,1,0.000310182571411,1.936,1.694
1,1,1,0.000309467315674,1.936,1.694
1,1,1,0.00030517578125,1.936,1.694
1,1,1,0.000321865081787,1.936,1.694
1,1,1,0.00032377243042,1.936,1.694
1,1,1,0.000664234161377,1.936,1.694
1,1,1,0.000303030014038,1.936,1.694
1,1,1,0.000315189361572,1.936,1.694
1,1,1,0.000322341918945,1.936,1.694
1,1,1,0.000319957733154,1.936,1.694
1,1,1,0.000323295593262,1.936,1.694
1,1,1,0.000657796859741,1.936,1.694
1,1,1,0.000302076339722,1.936,1.694
1,1,1,0.000307083129883,1.936,1.694
1,1,1,0.000325679779053,1.936,1.694
1,1,1,0.000323057174683,1.936,1.694
1,1,1,0.000321865081787,1.936,1.694
1,0,0,0.000658750534058,1.936,1.694
0,0,1,0.000615835189819,1.936,1.694
0,1,1,0.000523567199707,1.936,1.694
0,1,1,0.000447750091553,1.936,1.694
0,1,1,0.0004723072052,1.936,1.694
0,1,1,0.000474452972412,1.936,1.694
1,0,0,0.000325202941895,1.936,1.694
1,1,1,0.000679969787598,1.936,1.694
1,1,1,0.000643253326416,1.936,1.694
1,1,1,0.000296354293823,1.936,1.694
1,1,1,0.000327348709106,1.936,1.694
1,1,1,0.000304460525513,1.936,1.694
1,1,1,0.000298976898193,1.936,1.694
1,1,1,0.000316143035889,1.936,1.694
1,1,1,0.000652074813843,1.936,1.694
1,1,1,0.000643491744995,1.936,1.694
1,1,1,0.000320196151733,1.936,1.694
1,1,1,0.000322580337524,1.936,1.694
1,1,1,0.000323534011841,1.936,1.694
1,1,1,0.000315427780151,1.936,1.694
1,1,1,0.00032114982605,1.936,1.694
1,1,1,0.000702619552612,1.936,1.694
1,1,1,0.000673532485962,1.936,1.694
1,1,1,0.000329971313477,1.936,1.694
1,1,1,0.000304698944092,1.936,1.694
1,1,1,0.000323534011841,1.936,1.694
1,1,1,0.000329971313477,1.936,1.694
1,1,1,0.000320672988892,1.936,1.694
1,1,1,0.000649929046631,1.936,1.694
1,1,1,0.00030517578125,1.936,1.694
1,1,1,0.000318288803101,1.936,1.694
1,1,1,0.000301599502563,1.936,1.694
1,1,1,0.000300645828247,1.936,1.694
1,1,1,0.000326871871948,1.936,1.694
1,1,0,0.000978469848633,1.694,1.936
1,0,0,0.000321388244629,1.694,1.936
1,1,1,0.000353813171387,1.694,1.936
1,1,1,0.000312805175781,1.694,1.936
1,1,1,0.000320911407471,1.694,1.936
1,1,1,0.000304222106934,1.694,1.936
1,1,1,0.000653505325317,1.694,1.936
1,1,1,0.000621318817139,1.694,1.936
1,1,1,0.000329971313477,1.694,1.936
1,1,1,0.000307321548462,1.694,1.936
1,1,1,0.000319480895996,1.694,1.936
1,1,1,0.000323295593262,1.694,1.936
1,1,1,0.000388145446777,1.694,1.936
1,1,1,0.000661611557007,1.694,1.936
1,1,1,0.000638961791992,1.694,1.936
1,0,0,0.000295162200928,1.694,1.936
1,1,1,0.000325441360474,1.694,1.936
1,1,1,0.000322580337524,1.694,1.936
1,1,1,0.000309944152832,1.694,1.936
1,1,1,0.000323295593262,1.694,1.936
1,1,1,0.000820159912109,1.694,1.936
1,1,1,0.000303983688354,1.694,1.936
1,1,1,0.000330209732056,1.694,1.936
1,1,1,0.000323057174683,1.694,1.936
1,1,1,0.000298500061035,1.694,1.936
1,1,1,0.000323534011841,1.694,1.936
1,1,1,0.000646829605103,1.694,1.936
1,1,1,0.00029993057251,1.694,1.936
1,1,1,0.000305414199829,1.694,1.936
1,1,1,0.000324964523315,1.694,1.936
1,1,1,0.00032114982605,1.694,1.936
1,1,1,0.000328540802002,1.694,1.936
1,1,1,0.000638484954834,1.694,1.936
1,1,1,0.000325679779053,1.694,1.936
1,0,1,0.000468492507935,1.782,1.782
1,0,1,0.000449895858765,1.782,1.782
1,0,1,0.000478267669678,1.782,1.782
1,1,0,0.000475883483887,1.694,1.936
1,1,0,0.000980377197266,1.694,1.936
1,0,0,0.000297784805298,1.694,1.936
1,0,1,0.000470638275146,1.782,1.782
1,0,1,0.000465154647827,1.782,1.782
0,0,1,0.000319719314575,1.782,1.782
0,1,1,0.00044584274292,1.936,1.694
0,1,1,0.000977277755737,1.936,1.694
1,0,0,0.000304460525513,1.936,1.694
1,1,1,0.000311374664307,1.936,1.694
1,1,1,0.000325202941895,1.936,1.694
1,1,1,0.000325202941895,1.936,1.694
1,1,1,0.000313758850098,1.936,1.694
1,1,1,0.000638484954834,1.936,1.694
1,1,1,0.000303030014038,1.936,1.694
1,1,1,0.000325202941895,1.936,1.694
1,1,1,0.000322103500366,1.936,1.694
1,1,1,0.000324487686157,1.936,1.694
1,1,1,0.000320434570313,1.936,1.694
1,1,1,0.000647306442261,1.936,1.694
1,1,1,0.000324964523315,1.936,1.694
1,1,1,0.000314235687256,1.936,1.694
1,1,1,0.000325441360474,1.936,1.694
1,1,1,0.000324487686157,1.936,1.694
1,1,1,0.000302791595459,1.936,1.694
1,1,0,0.000956296920776,1.694,1.936
1,1,1,0.00032114982605,1.694,1.936
1,1,1,0.000294208526611,1.694,1.936
1,1,0,0.000467777252197,1.694,1.936
1,1,0,0.000467777252197,1.694,1.936
1,0,0,0.000296115875244,1.694,1.936
1,0,1,0.000978708267212,1.782,1.782
0,1,1,0.00045108795166,1.936,1.694
0,1,1,0.000447273254395,1.936,1.694
0,1,1,0.000463724136353,1.936,1.694
0,1,1,0.000470638275146,1.936,1.694
0,1,1,0.00044322013855,1.936,1.694
1,0,1,0.000974655151367,1.782,1.782
1,1,0,0.000471353530884,1.694,1.936
1,1,0,0.0004723072052,1.694,1.936
1,1,0,0.000456809997559,1.694,1.936
1,0,1,0.000494480133057,1.782,1.782
1,0,1,0.000455617904663,1.782,1.782
1,0,1,0.00095272064209,1.782,1.782
1,0,1,0.000468492507935,1.782,1.782
1,0,1,0.000472068786621,1.782,1.782
1,1,0,0.000472784042358,1.694,1.936
1,1,0,0.000471830368042,1.694,1.936
1,1,1,0.000400304794312,1.694,1.936
1,1,0,0.000971794128418,1.694,1.936
1,1,0,0.000471591949463,1.694,1.936
1,1,1,0.000397205352783,1.694,1.936
1,1,1,0.000293254852295,1.694,1.936
1,1,1,0.000301837921143,1.694,1.936
1,1,1,0.000322818756104,1.694,1.936
1,1,0,0.000982761383057,1.694,1.936
1,1,0,0.000448942184448,1.694,1.936
1,0,1,0.000453233718872,1.782,1.782
0,1,1,0.000467777252197,1.936,1.694
0,1,1,0.000466346740723,1.936,1.694
0,0,1,0.000319004058838,1.936,1.694
1,0,1,0.000452756881714,1.782,1.782
1,0,0,0.00032377243042,1.782,1.782
1,1,0,0.000470161437988,1.694,1.936
1,1,0,0.000447511672974,1.694,1.936
1,0,0,0.000316858291626,1.694,1.936
1,0,1,0.00097918510437,1.782,1.782
0,1,1,0.000530958175659,1.936,1.694
0,0,1,0.000309944152832,1.936,1.694
1,0,0,0.000322103500366,1.936,1.694
1,1,1,0.000299453735352,1.936,1.694
1,1,1,0.00030779838562,1.936,1.694
1,1,1,0.000611782073975,1.936,1.694
1,1,1,0.000301122665405,1.936,1.694
1,1,1,0.000323295593262,1.936,1.694
1,1,1,0.000324010848999,1.936,1.694
1,1,1,0.000301361083984,1.936,1.694
1,1,1,0.000321626663208,1.936,1.694
1,1,1,0.000298738479614,1.936,1.694
1,1,1,0.000324487686157,1.936,1.694
1,1,1,0.000298261642456,1.936,1.694
1,1,1,0.000297546386719,1.936,1.694
1,1,1,0.000300884246826,1.936,1.694
1,1,1,0.000648021697998,1.936,1.694
1,1,1,0.000302076339722,1.936,1.694
1,1,1,0.000320434570313,1.936,1.694
1,1,1,0.000313282012939,1.936,1.694
1,1,1,0.000301122665405,1.936,1.694
1,1,1,0.000305652618408,1.936,1.694
1,1,1,0.000618457794189,1.936,1.694
1,1,1,0.000301361083984,1.936,1.694
1,1,1,0.000325202941895,1.936,1.694
1,1,1,0.000305652618408,1.936,1.694
1,1,1,0.000319004058838,1.936,1.694
1,0,0,0.000294923782349,1.936,1.694
0,1,1,0.000448703765869,1.936,1.694
1,1,1,0.000303506851196,1.936,1.694
1,1,1,0.000322818756104,1.936,1.694
1,1,1,0.000326156616211,1.936,1.694
1,1,1,0.000321626663208,1.936,1.694
1,1,1,0.000624656677246,1.936,1.694
0,1,1,0.000469446182251,1.936,1.694
1,0,1,0.000466108322144,1.782,1.782
1,1,0,0.00046968460083,1.694,1.936
1,1,1,0.000314235687256,1.694,1.936
1,1,1,0.000325441360474,1.694,1.936
1,1,1,0.000624179840088,1.694,1.936
1,1,1,0.000298500061035,1.694,1.936
1,1,1,0.000321388244629,1.694,1.936
1,1,0,0.0004723072052,1.694,1.936
1,1,0,0.0004723072052,1.694,1.936
1,0,0,0.000293970108032,1.694,1.936
0,0,1,0.000638484954834,1.694,1.936
1,1,1,0.00030517578125,1.694,1.936
1,1,1,0.000302791595459,1.694,1.936
1,1,1,0.000321388244629,1.694,1.936
1,1,1,0.000300645828247,1.694,1.936
1,1,1,0.000315427780151,1.694,1.936
1,1,1,0.000616312026978,1.694,1.936
1,1,1,0.000621557235718,1.694,1.936
1,1,1,0.000302791595459,1.694,1.936
1,1,1,0.00032377243042,1.694,1.936
1,1,1,0.000309467315674,1.694,1.936
1,1,1,0.000304222106934,1.694,1.936
1,1,1,0.000290870666504,1.694,1.936
1,1,1,0.000621557235718,1.694,1.936
1,1,1,0.000324726104736,1.694,1.936
1,1,1,0.000324964523315,1.694,1.936
1,1,1,0.000323057174683,1.694,1.936
1,1,1,0.000322818756104,1.694,1.936
1,1,1,0.000322341918945,1.694,1.936
1,1,1,0.000633239746094,1.694,1.936
1,1,1,0.000293016433716,1.694,1.936
1,1,1,0.000304937362671,1.694,1.936
0,0,0,0.000441789627075,1.936,1.936
1,1,0,0.000463962554932,1.694,1.936
1,1,1,0.000303983688354,1.694,1.936
1,1,1,0.000624418258667,1.694,1.936
1,1,1,0.000298738479614,1.694,1.936
1,1,1,0.000324010848999,1.694,1.936
1,1,1,0.000303983688354,1.694,1.936
1,1,1,0.00032377243042,1.694,1.936
1,1,0,0.000446557998657,1.694,1.936
1,1,0,0.000956773757935,1.694,1.936
1,0,1,0.000451564788818,1.782,1.782
0,1,1,0.000468730926514,1.936,1.694
1,1,1,0.000315427780151,1.936,1.694
0,1,1,0.000456571578979,1.936,1.694
1,0,1,0.000493764877319,1.782,1.782
1,0,0,0.000616550445557,1.782,1.782
1,1,0,0.000468015670776,1.694,1.936
1,1,0,0.000444173812866,1.694,1.936
1,0,1,0.000440835952759,1.782,1.782
1,0,1,0.000461101531982,1.782,1.782
0,1,1,0.000466346740723,1.936,1.694
0,1,1,0.001065015792847,1.936,1.694
1,0,1,0.000463724136353,1.782,1.782
1,0,0,0.00029444694519,1.782,1.782
1,1,0,0.000457763671875,1.694,1.936
1,1,1,0.000308990478516,1.694,1.936
1,1,1,0.00032114982605,1.694,1.936
1,1,1,0.000302076339722,1.694,1.936
1,1,1,0.000297546386719,1.694,1.936
1,1,1,0.000324249267578,1.694,1.936
1,1,1,0.000303268432617,1.694,1.936
1,1,0,0.000469446182251,1.694,1.936
1,0,0,0.000682592391968,1.694,1.936
0,0,1,0.000298500061035,1.694,1.936
0,1,1,0.000442504882813,1.936,1.694
0,1,1,0.000472068786621,1.936,1.694
0,0,1,0.00030255317688,1.936,1.694
1,0,0,0.000319719314575,1.936,1.694
1,1,1,0.000627279281616,1.936,1.694
1,1,1,0.00029730796814,1.936,1.694
1,1,1,0.000325918197632,1.936,1.694
1,1,1,0.000301122665405,1.936,1.694
1,1,1,0.000320911407471,1.936,1.694
1,1,1,0.000319957733154,1.936,1.694
1,1,1,0.000613689422607,1.936,1.694
1,1,1,0.000305652618408,1.936,1.694
1,1,1,0.000320672988892,1.936,1.694
1,1,1,0.00030517578125,1.936,1.694
1,1,1,0.000330924987793,1.936,1.694
1,1,1,0.000640153884888,1.936,1.694
1,1,1,0.000312089920044,1.936,1.694
1,1,1,0.000300645828247,1.936,1.694
1,1,1,0.000307321548462,1.936,1.694
1,1,1,0.000305414199829,1.936,1.694
1,1,1,0.000341415405273,1.936,1.694
1,1,1,0.000301122665405,1.936,1.694
1,1,1,0.000312566757202,1.936,1.694
1,1,1,0.000323295593262,1.936,1.694
1,1,1,0.000303983688354,1.936,1.694
1,1,1,0.000330924987793,1.936,1.694
1,1,1,0.000647068023682,1.936,1.694
1,1,1,0.000623226165771,1.936,1.694
1,1,1,0.000303030014038,1.936,1.694
1,1,1,0.000346899032593,1.936,1.694
1,1,1,0.000318050384521,1.936,1.694
1,1,1,0.000299215316772,1.936,1.694
1,0,1,0.000466346740723,1.782,1.782
1,0,1,0.000445365905762,1.782,1.782
1,1,1,0.000302076339722,1.782,1.782
1,1,1,0.000309228897095,1.782,1.782
1,0,1,0.000444650650024,1.782,1.782
1,0,1,0.000472545623779,1.782,1.782
1,0,1,0.000533580780029,1.782,1.782
1,0,1,0.000447750091553,1.782,1.782
1,0,1,0.00044584274292,1.782,1.782
0,1,1,0.000460386276245,1.936,1.694
1,1,1,0.000325918197632,1.936,1.694
1,1,1,0.000636577606201,1.936,1.694
1,1,1,0.000297069549561,1.936,1.694
0,1,1,0.000452756881714,1.936,1.694
0,1,1,0.000448942184448,1.936,1.694
0,1,1,0.000446081161499,1.936,1.694
1,0,1,0.000468015670776,1.782,1.782
1,0,0,0.000295162200928,1.782,1.782
1,0,1,0.000450134277344,1.782,1.782
0,1,1,0.000446557998657,1.936,1.694
0,1,1,0.000454664230347,1.936,1.694
0,1,1,0.000452041625977,1.936,1.694
1,0,1,0.001061677932739,1.782,1.782
1,0,1,0.000467300415039,1.782,1.782
1,0,0,0.000319957733154,1.782,1.782
1,1,0,0.0004723072052,1.694,1.936
1,1,0,0.000468492507935,1.694,1.936
1,0,1,0.000989437103271,1.782,1.782
0,1,1,0.000451564788818,1.936,1.694
0,1,1,0.000431776046753,1.936,1.694
0,1,1,0.000453948974609,1.936,1.694
0,0,1,0.000318050384521,1.936,1.694
1,0,1,0.000482559204102,1.782,1.782
1,1,0,0.000495433807373,1.694,1.936
1,1,0,0.000462770462036,1.694,1.936
1,1,0,0.000449419021606,1.694,1.936
1,0,1,0.000444412231445,1.782,1.782
0,1,1,0.000448226928711,1.936,1.694
1,1,1,0.000304698944092,1.936,1.694
1,1,1,0.000300884246826,1.936,1.694
1,1,1,0.00030255317688,1.936,1.694
0,0,1,0.000324487686157,1.936,1.694
1,0,0,0.000320672988892,1.936,1.694
1,1,0,0.000961303710938,1.694,1.936
1,1,0,0.00045371055603,1.694,1.936
1,0,1,0.000479698181152,1.782,1.782
0,1,1,0.000452995300293,1.936,1.694
1,1,1,0.000294923782349,1.936,1.694
1,1,1,0.000300645828247,1.936,1.694
1,1,1,0.000644445419312,1.936,1.694
0,1,1,0.000448942184448,1.936,1.694
0,1,1,0.000469207763672,1.936,1.694
1,0,1,0.000469923019409,1.782,1.782
1,1,0,0.000474452972412,1.694,1.936
1,1,0,0.000471115112305,1.694,1.936
1,0,0,0.000303268432617,1.694,1.936
1,0,1,0.000448226928711,1.782,1.782
0,1,1,0.000447034835815,1.936,1.694
0,1,1,0.000454425811768,1.936,1.694
0,0,1,0.000298023223877,1.936,1.694
1,0,1,0.000979423522949,1.782,1.782
1,0,0,0.000299453735352,1.782,1.782
1,0,1,0.000454425811768,1.782,1.782
0,1,1,0.000444650650024,1.936,1.694
0,1,0,0.000293731689453,1.936,1.694
1,1,1,0.000324010848999,1.936,1.694
1,1,1,0.000612497329712,1.936,1.694
1,1,1,0.00031304359436,1.936,1.694
1,1,1,0.000321626663208,1.936,1.694
1,1,1,0.000316143035889,1.936,1.694
0,1,1,0.000445365905762,1.936,1.694
0,1,1,0.0009605884552,1.936,1.694
1,0,1,0.000469923019409,1.782,1.782
1,1,0,0.000473260879517,1.694,1.936
1,1,0,0.000469446182251,1.694,1.936
1,1,0,0.000469207763672,1.694,1.936
1,0,0,0.000719547271729,1.694,1.936
0,0,1,0.000299215316772,1.694,1.936
0,1,1,0.000467538833618,1.936,1.694
1,1,1,0.000295400619507,1.936,1.694
1,1,1,0.000301122665405,1.936,1.694
1,1,1,0.000303745269775,1.936,1.694
0,0,1,0.000296115875244,1.936,1.694
1,0,0,0.000325441360474,1.936,1.694
1,1,0,0.000462055206299,1.694,1.936
1,1,0,0.000468015670776,1.694,1.936
1,0,0,0.00031566619873,1.694,1.936
1,1,1,0.000304937362671,1.694,1.936
1,1,1,0.000307083129883,1.694,1.936
1,1,1,0.000303983688354,1.694,1.936
1,1,1,0.000300407409668,1.694,1.936
1,1,1,0.000306367874146,1.694,1.936
1,1,1,0.000300407409668,1.694,1.936
1,1,1,0.000320672988892,1.694,1.936
1,1,1,0.000317335128784,1.694,1.936
1,1,1,0.000304222106934,1.694,1.936
1,1,1,0.000611066818237,1.694,1.936
1,1,1,0.000292778015137,1.694,1.936
1,1,1,0.000304698944092,1.694,1.936
1,1,1,0.000300407409668,1.694,1.936
1,1,1,0.000351428985596,1.694,1.936
1,1,1,0.000644683837891,1.694,1.936
1,1,1,0.00035572052002,1.694,1.936
1,1,1,0.00029993057251,1.694,1.936
1,1,1,0.000294923782349,1.694,1.936
1,1,1,0.000322580337524,1.694,1.936
1,1,1,0.000319004058838,1.694,1.936
1,1,1,0.000300884246826,1.694,1.936
1,1,1,0.000300645828247,1.694,1.936
1,1,1,0.000301837921143,1.694,1.936
1,1,1,0.000300168991089,1.694,1.936
1,1,1,0.000324487686157,1.694,1.936
1,1,1,0.000311613082886,1.694,1.936
1,1,1,0.000335931777954,1.694,1.936
1,1,1,0.000326633453369,1.694,1.936
1,1,1,0.000300407409668,1.694,1.936
1,1,1,0.000320434570313,1.694,1.936
1,1,1,0.00029730796814,1.694,1.936
1,1,1,0.000299453735352,1.694,1.936
1,1,1,0.000337839126587,1.694,1.936
1,1,1,0.000320672988892,1.694,1.936
1,1,1,0.000304460525513,1.694,1.936
1,1,1,0.000303983688354,1.694,1.936
1,1,1,0.000303506851196,1.694,1.936
1,1,1,0.000299215316772,1.694,1.936
1,1,1,0.000301361083984,1.694,1.936
1,1,1,0.000303745269775,1.694,1.936
1,1,1,0.000299215316772,1.694,1.936
1,1,1,0.000298261642456,1.694,1.936
1,1,1,0.000298976898193,1.694,1.936
1,1,1,0.000299453735352,1.694,1.936
1,1,1,0.000299215316772,1.694,1.936
1,1,1,0.000300645828247,1.694,1.936
1,1,1,0.000324249267578,1.694,1.936
1,1,1,0.000304937362671,1.694,1.936
1,1,1,0.000303030014038,1.694,1.936
1,1,1,0.000617265701294,1.694,1.936
1,1,1,0.00029730796814,1.694,1.936
1,1,1,0.000292301177979,1.694,1.936
1,1,1,0.000300168991089,1.694,1.936
1,1,1,0.000298976898193,1.694,1.936
1,1,1,0.000628471374512,1.694,1.936
1,1,1,0.000361204147339,1.694,1.936
1,1,1,0.000304460525513,1.694,1.936
1,1,1,0.000300645828247,1.694,1.936
1,1,1,0.000300645828247,1.694,1.936
1,1,1,0.000614881515503,1.694,1.936
1,1,1,0.000302314758301,1.694,1.936
1,1,1,0.000324726104736,1.694,1.936
1,1,1,0.000312089920044,1.694,1.936
1,1,1,0.000363111495972,1.694,1.936
1,1,1,0.000621557235718,1.694,1.936
1,1,1,0.000293254852295,1.694,1.936
1,1,1,0.000299453735352,1.694,1.936
1,1,1,0.000296831130981,1.694,1.936
1,1,1,0.000368118286133,1.694,1.936
1,1,1,0.000610828399658,1.694,1.936
1,1,1,0.000314235687256,1.694,1.936
1,1,1,0.000321626663208,1.694,1.936
1,1,1,0.000319242477417,1.694,1.936
1,1,1,0.000321626663208,1.694,1.936
1,1,1,0.000763416290283,1.694,1.936
1,1,1,0.000312089920044,1.694,1.936
1,1,1,0.000300645828247,1.694,1.936
1,1,1,0.000415563583374,1.694,1.936
1,1,1,0.000299692153931,1.694,1.936
1,1,1,0.000698328018188,1.694,1.936
1,1,1,0.000398635864258,1.694,1.936
1,1,1,0.000338792800903,1.694,1.936
